<launch4jConfig>
  <dontWrapJar>false</dontWrapJar>
  <headerType>gui</headerType>
  <jar>C:\Users\Heleine Scutt\Desktop\Skeleton0.jar</jar>
  <outfile>C:\Users\Heleine Scutt\Desktop\Ejecutable\Pasteleria0.exe</outfile>
  <errTitle></errTitle>
  <cmdLine></cmdLine>
  <chdir></chdir>
  <priority>normal</priority>
  <downloadUrl>http://java.com/download</downloadUrl>
  <supportUrl></supportUrl>
  <customProcName>false</customProcName>
  <stayAlive>false</stayAlive>
  <manifest></manifest>
  <icon>C:\Users\Heleine Scutt\Desktop\Programa1\Pasteleria0\src\Img\cakeP.ico</icon>
  <jre>
    <path>C:\Program Files\Java\jre1.8.0_60</path>
    <minVersion></minVersion>
    <maxVersion></maxVersion>
    <jdkPreference>preferJre</jdkPreference>
  </jre>
</launch4jConfig>